<?xml version="1.0" encoding="UTF-8"?>
<project-private xmlns="http://www.netbeans.org/ns/project-private/1">
    <editor-bookmarks xmlns="http://www.netbeans.org/ns/editor-bookmarks/2" lastBookmarkId="0"/>
    <open-files xmlns="http://www.netbeans.org/ns/projectui-open-files/2">
        <group>
            <file>file:/Users/hbrenes/NetBeansProjects/ProyectoFinalV3/src/proyectofinal/catalogoDeportistas.java</file>
            <file>file:/Users/hbrenes/NetBeansProjects/ProyectoFinalV3/src/proyectofinal/catalogoPadreFamilia.java</file>
        </group>
    </open-files>
</project-private>
